39,44,79,122,164,192,196,292,310,359
0.5238918662071228,0.36558282375335693,0.7645953893661499,1.0,1.0,1.0,1.0,1.0,1.0,1.0
0.30417323112487793,1.0,1.0,1.0,1.0,1.0,1.0,1.0,0.17216338217258453,1.0
0.397597074508667,0.7368673086166382,1.0,1.0,0.984160840511322,1.0,1.0,0.6304740309715271,0.7517882585525513,1.0
0.34670475125312805,0.5160077810287476,1.0,1.0,0.6328563094139099,0.6650266051292419,1.0,1.0,0.9690611958503723,0.9965915679931641
0.17676520347595215,0.34073421359062195,0.4201493561267853,0.784407913684845,0.5789176821708679,0.3006228804588318,0.49668359756469727,0.8841451406478882,0.8357878923416138,0.12065371125936508
0.08923117071390152,0.1582898199558258,0.13464142382144928,0.3664437532424927,0.42016416788101196,0.06781796365976334,0.41704222559928894,0.2553654611110687,0.8612985610961914,0.1852578967809677
0.12073131650686264,0.17334909737110138,0.4070113003253937,0.2239336222410202,0.29497694969177246,0.0,0.2765534520149231,0.20180389285087585,0.722909152507782,0.17650511860847473
0.20884279906749725,0.1792391836643219,0.5006962418556213,0.16561317443847656,0.13590922951698303,0.04843663051724434,0.056948788464069366,0.17767541110515594,0.2691316604614258,0.124861940741539
0.11817116290330887,0.048973917961120605,0.2066280096769333,0.16905201971530914,0.05394701659679413,0.054429713636636734,0.23091627657413483,0.2049482762813568,0.24846191704273224,0.11360636353492737
0.11672690510749817,0.10010167956352234,0.1482868194580078,0.19578853249549866,0.05513202026486397,0.0,0.24954311549663544,0.668132483959198,0.14994972944259644,0.05225652828812599
0.049783047288656235,0.1623602658510208,0.10589481145143509,0.2378063052892685,0.14746488630771637,0.0,0.19297197461128235,0.17589658498764038,0.3417941629886627,0.07395301014184952
0.11214625835418701,0.21567007899284363,0.17452582716941833,0.21129421889781952,0.06497576832771301,0.02610410563647747,0.10210130363702774,0.12160928547382355,0.17152324318885803,0.05237480625510216
0.1213824525475502,0.4531627595424652,0.6816071271896362,0.15987883508205414,0.052269138395786285,0.07024291902780533,0.1300271898508072,0.07227831333875656,0.2009306102991104,0.05153539404273033
0.32942914962768555,0.5608914494514465,0.712242603302002,0.19630806148052216,0.06794732064008713,0.03501775860786438,0.10982303321361542,0.0,0.24604253470897675,0.025100979954004288
0.044762272387742996,0.2531876266002655,0.1830403059720993,0.11819811910390854,0.09528795629739761,0.0,0.0,0.0,0.20818352699279785,0.0
0.039794355630874634,0.13321349024772644,0.034369196742773056,0.06076807528734207,0.12588129937648773,0.016329042613506317,0.0,0.0,0.17150183022022247,0.0
0.04940560460090637,0.07862228900194168,0.0,0.03739657998085022,0.08591976761817932,0.0,0.0,0.0,0.2251170426607132,0.036283984780311584
0.02935962565243244,0.05701820179820061,0.0,0.03171343728899956,0.04519439488649368,0.0,0.0,0.034430380910634995,0.11889536678791046,0.08436145633459091
0.017591876909136772,0.029929108917713165,0.0,0.020777322351932526,0.017266882583498955,0.07612178474664688,0.0,0.1125718504190445,0.2262851595878601,0.14845462143421173
0.0,0.020686157047748566,0.0,0.0,0.026875384151935577,0.05831629037857056,0.027162151411175728,0.22111675143241882,0.3192934989929199,0.28237608075141907
0.0,0.027364803478121758,0.0,0.024760713800787926,0.03396160528063774,0.057182732969522476,0.06014930084347725,0.12876150012016296,0.2599051296710968,0.26342958211898804
0.0,0.04190001264214516,0.0,0.033184271305799484,0.032781753689050674,0.04406340792775154,0.05866270884871483,0.1517414152622223,0.492645263671875,0.3060026168823242
0.0,0.08686667680740356,0.0,0.0,0.0,0.16392993927001953,0.15417945384979248,0.11580939590930939,0.43134626746177673,0.6568011045455933
0.0,0.13136310875415802,0.0,0.0,0.0,0.026104265823960304,0.10253748297691345,0.24357163906097412,0.2281414419412613,0.6403746008872986
0.6634026765823364,0.736362099647522,0.9885633587837219,1.0,0.41128474473953247,1.0,0.5207821130752563,0.09834281355142593,0.2687723636627197,0.3861173391342163
0.43570199608802795,0.8985581994056702,0.7665017247200012,0.6286572217941284,0.19503986835479736,1.0,0.8378902077674866,0.2392835021018982,0.0902186706662178,0.30429500341415405
0.6086301803588867,0.712023138999939,0.4762576222419739,0.5283178687095642,0.7982906103134155,1.0,1.0,0.31474512815475464,0.8280208110809326,0.512389600276947
0.6746602058410645,0.7869625091552734,1.0,0.19959214329719543,0.792626678943634,1.0,1.0,0.6362155079841614,0.1926327496767044,0.15385788679122925
0.04811057448387146,0.5782316327095032,0.21036219596862793,0.9683311581611633,0.974075973033905,1.0,0.11395387351512909,1.0,0.1392180621623993,0.01675703562796116
0.7238280177116394,0.3483787178993225,0.9536699056625366,0.10933943837881088,0.9793916940689087,0.30618956685066223,0.1610708236694336,0.936916172504425,0.16479064524173737,0.03887340798974037
1.0,0.358257532119751,1.0,0.14664828777313232,0.49741050601005554,0.8989306092262268,0.1769084483385086,1.0,0.038172647356987,0.08985935151576996
0.7311067581176758,0.27609387040138245,1.0,0.7273268103599548,0.8001613020896912,0.4075714647769928,0.2910153567790985,0.2770996689796448,0.3555617928504944,0.08802880346775055
0.43825581669807434,0.26470696926116943,1.0,0.31589484214782715,1.0,0.44836679100990295,0.6245059967041016,0.69185870885849,0.6729764342308044,0.05995642766356468
0.456320583820343,0.9547393321990967,1.0,0.2659643888473511,1.0,0.17513765394687653,0.31815212965011597,0.611591637134552,0.7090439796447754,0.2575072944164276
0.2316342443227768,0.41943275928497314,1.0,0.3659883141517639,1.0,0.08323536068201065,0.7172881960868835,0.8016580939292908,0.09957230091094971,0.9302752017974854
0.4472130239009857,1.0,0.8776177763938904,0.3038831055164337,0.4996539354324341,0.06254246085882187,0.6430701613426208,0.6951732635498047,0.04815927520394325,1.0
0.42744213342666626,1.0,0.46711376309394836,0.5352579355239868,0.5771669149398804,0.7083027958869934,0.3516106903553009,0.4284440577030182,0.5788159966468811,1.0
0.2162439227104187,1.0,0.24818938970565796,0.9458751678466797,0.4159034490585327,1.0,0.21831634640693665,0.3250378370285034,1.0,1.0
0.1129475086927414,0.9296528697013855,0.19159415364265442,0.8626366853713989,0.6267617344856262,0.48375174403190613,0.531771719455719,0.26724493503570557,1.0,1.0
0.3414994478225708,0.9017594456672668,0.33441320061683655,0.9328603148460388,0.9693640470504761,0.5142037272453308,0.1932407021522522,0.3121708035469055,1.0,1.0
0.382673054933548,0.7980085015296936,0.919258177280426,0.8984598517417908,1.0,0.44723930954933167,0.13467048108577728,0.969417929649353,1.0,1.0
0.44502484798431396,0.897983729839325,1.0,0.9797751307487488,0.8155509829521179,0.43463194370269775,0.21112088859081268,1.0,1.0,1.0
0.5999702215194702,0.8410416841506958,1.0,0.9447360634803772,0.6206623911857605,0.3757080137729645,0.3620447814464569,1.0,1.0,1.0
0.7155416011810303,1.0,0.8614111542701721,0.8136317133903503,0.7012681365013123,0.2340940535068512,0.5809496641159058,1.0,1.0,1.0
0.4936864376068115,0.9519541263580322,0.5728307962417603,0.8424904942512512,0.6676594018936157,0.05557601526379585,0.5665103197097778,1.0,1.0,1.0
0.5259081721305847,0.3768189251422882,0.5512319803237915,0.5331374406814575,0.4978165328502655,0.07024307548999786,0.6657276153564453,1.0,1.0,1.0
0.47783684730529785,0.9989824891090393,0.3541144132614136,0.576863169670105,0.27428966760635376,0.8491089940071106,0.46452176570892334,1.0,1.0,1.0
0.5232723951339722,0.2600448727607727,0.2698214650154114,0.33965185284614563,0.10003432631492615,0.08341535925865173,0.8257246017456055,1.0,1.0,1.0
0.31564146280288696,0.08862302452325821,0.0,0.0,0.03534099459648132,0.09841521829366684,0.05504445731639862,0.20598720014095306,0.04231248423457146,0.12939868867397308
0.3577648997306824,0.15125620365142822,0.020195232704281807,0.0,0.032243888825178146,0.1167227104306221,0.07463490217924118,0.11795669049024582,0.0,0.10351366549730301
0.29013705253601074,0.2330234795808792,0.102154441177845,0.023936670273542404,0.0,0.11431122571229935,0.06291324645280838,0.24354800581932068,0.0,0.1693827509880066
0.32008904218673706,0.2527991235256195,0.3511252701282501,0.12461468577384949,0.04993888735771179,0.2139401137828827,0.14876745641231537,0.11611472070217133,0.0,0.10741087794303894
0.420674204826355,0.303036093711853,0.3161482810974121,0.25663769245147705,0.2809763550758362,0.0,0.07484233379364014,0.08372009545564651,0.0,0.02218189276754856
0.4466625452041626,0.2704000473022461,0.2862275540828705,0.3487170338630676,0.19945873320102692,0.019020963460206985,0.07266843318939209,0.05508707836270332,0.0,0.0
0.5322088599205017,0.39245688915252686,0.4093073606491089,0.3647453486919403,0.3801775276660919,0.08849088847637177,0.06122932583093643,0.0653947964310646,0.0,0.0
0.5848764181137085,0.601963460445404,0.3044346570968628,0.27687007188796997,0.44368183612823486,0.040171559900045395,0.0,0.07884006947278976,0.0,0.0
0.830848753452301,0.7213131189346313,0.21348899602890015,0.1379529982805252,0.5473372340202332,0.0,0.016793090850114822,0.04250304773449898,0.01691337116062641,0.0
1.0,0.7710886001586914,0.16791698336601257,0.19752582907676697,0.7677826285362244,0.0,0.06077307090163231,0.034239090979099274,0.024354852735996246,0.0
1.0,0.6363798975944519,0.34275978803634644,0.17114895582199097,0.7796233296394348,0.0,0.08301524072885513,0.041958216577768326,0.07030272483825684,0.0
1.0,0.5733579397201538,0.2670253813266754,0.4231233298778534,1.0,0.0,0.1264987587928772,0.015910180285573006,0.04045233502984047,0.0
1.0,0.7346080541610718,0.3371272087097168,1.0,1.0,0.02683122456073761,0.12955814599990845,0.038058627396821976,0.11478880792856216,0.0
1.0,0.7977376580238342,0.24944408237934113,0.9646407961845398,0.86969393491745,0.0419488400220871,0.18242132663726807,0.07206490635871887,0.1281350553035736,0.0
1.0,0.6314413547515869,0.30538731813430786,1.0,0.9689560532569885,0.04130255803465843,0.21113629639148712,0.06463538855314255,0.1603868156671524,0.0
1.0,0.8918795585632324,0.3873078227043152,1.0,0.9725622534751892,0.04940246045589447,0.21849766373634338,0.044087015092372894,0.11554587632417679,0.02484235167503357
0.8275988101959229,0.5038745999336243,0.4726813733577728,1.0,1.0,0.05053779110312462,0.3015787601470947,0.0960318073630333,0.09331592172384262,0.0
0.9194586277008057,0.7383654713630676,0.6941822171211243,1.0,1.0,0.11263055354356766,0.3735694885253906,0.11044207960367203,0.11848799884319305,0.02524356171488762
1.0,1.0,0.7808415293693542,1.0,0.8860182166099548,0.15671662986278534,0.4316825270652771,0.2236475646495819,0.17055781185626984,0.051020026206970215
1.0,1.0,0.6897537112236023,1.0,0.45500126481056213,0.19091254472732544,0.5253798365592957,0.2800832986831665,0.25012776255607605,0.061642106622457504
1.0,1.0,0.9519237875938416,1.0,1.0,0.2371922880411148,0.664645254611969,0.30162671208381653,0.2359200119972229,0.045363396406173706
1.0,1.0,0.9667542576789856,1.0,0.7182741165161133,0.33355408906936646,0.8112185001373291,0.40998589992523193,0.25677216053009033,0.07112739980220795
1.0,1.0,1.0,1.0,0.28073909878730774,0.463498055934906,1.0,0.5797186493873596,0.31085196137428284,0.1292940229177475
1.0,1.0,1.0,1.0,0.4501822590827942,0.5656072497367859,1.0,0.917368471622467,0.4348250925540924,0.1678244173526764
1.0,0.6667084097862244,1.0,1.0,0.8502829074859619,1.0,1.0,1.0,1.0,1.0
1.0,0.1869857907295227,1.0,1.0,0.43133285641670227,1.0,1.0,1.0,1.0,1.0
1.0,0.0,1.0,1.0,0.36506953835487366,1.0,1.0,1.0,1.0,1.0
0.0,0.28787609934806824,1.0,1.0,0.41976529359817505,0.9816585183143616,1.0,1.0,1.0,1.0
0.0,0.17913520336151123,1.0,1.0,0.11005561798810959,0.7686734199523926,1.0,1.0,1.0,1.0
0.04719133675098419,0.1541239619255066,0.6149467825889587,0.7955803871154785,0.0,0.5928887724876404,0.7709235548973083,1.0,1.0,1.0
0.07112430781126022,0.10989963263273239,0.03705313429236412,0.5314076542854309,0.0,0.8448173999786377,0.7371243834495544,1.0,1.0,0.8993750214576721
0.157086580991745,0.15949155390262604,0.3486669063568115,0.3981649577617645,0.0,0.8517932295799255,0.7894586324691772,1.0,1.0,1.0
0.14912928640842438,0.15754789113998413,0.39981791377067566,0.09172187000513077,0.0,0.784831166267395,0.9134162068367004,1.0,1.0,0.8429332971572876
0.08200065046548843,0.09472222626209259,0.4046451449394226,0.0,0.0,0.6887195110321045,0.852531373500824,1.0,1.0,1.0
0.043626368045806885,0.04189830273389816,0.25354599952697754,0.0,0.0,0.6796944737434387,0.9961223602294922,1.0,1.0,1.0
0.0,0.0,0.22347192466259003,0.0,0.0,0.49964699149131775,0.7605465054512024,1.0,1.0,1.0
0.0,0.0,0.11790979653596878,0.0,0.05771305784583092,0.31550925970077515,0.4591709077358246,1.0,1.0,1.0
0.0,0.0,0.01672999933362007,0.0,0.23555326461791992,0.17108313739299774,0.2949976325035095,1.0,1.0,0.6980600953102112
0.0,0.0,0.0,0.0,0.082062266767025,0.04924500733613968,0.18883591890335083,1.0,1.0,0.4144202768802643
0.0,0.0,0.0,0.0,0.0,0.06476892530918121,0.11905662715435028,1.0,0.9178977608680725,0.36605310440063477
0.0,0.0,0.0,0.0,0.0,0.05961019918322563,0.29144594073295593,1.0,0.7360208034515381,0.6209765672683716
0.0,0.0,0.0,0.0,0.0,0.08159443736076355,0.23094505071640015,1.0,0.5635759830474854,0.5465455651283264
0.0,0.0,0.0,0.0,0.0,0.06862033903598785,0.3777157962322235,1.0,0.46760424971580505,0.6054134964942932
0.0,0.0,0.0,0.0,0.0,0.06355171650648117,0.5398154258728027,1.0,0.40493452548980713,0.6246055364608765
0.0,0.0,0.0,0.0,0.0,0.18687325716018677,0.6254565715789795,1.0,0.5331421494483948,0.49793869256973267
0.0,0.0,0.025026505813002586,0.016245108097791672,0.0,0.17758895456790924,0.8010700345039368,1.0,0.6710781455039978,0.5735035538673401
0.0,0.024473082274198532,0.0815550684928894,0.03893319517374039,0.0,0.3031644821166992,0.8102298974990845,1.0,0.9569644331932068,0.36134588718414307
0.08267566561698914,0.02736397460103035,0.10123901069164276,0.0,0.03278117999434471,0.3129521608352661,0.8940032720565796,1.0,0.7548933029174805,0.5169503092765808
0.196180060505867,0.23233149945735931,0.03383118659257889,0.0829966813325882,0.23187808692455292,0.24619442224502563,0.3360646069049835,0.6307599544525146,0.8375204801559448,0.24126401543617249
0.1808902770280838,0.02394474670290947,0.1513073742389679,0.04511077329516411,0.14043459296226501,0.26443666219711304,0.48767343163490295,0.47237807512283325,1.0,0.6749856472015381
0.13044387102127075,0.09953947365283966,0.0,0.07691191136837006,0.1945318877696991,0.37566104531288147,0.5240275859832764,0.5947111248970032,0.8745661973953247,0.6278010010719299
0.02699875459074974,0.0,0.14746689796447754,0.16357958316802979,0.20838382840156555,0.1713775098323822,0.512349545955658,0.6041954159736633,0.7784135937690735,0.6114693880081177
0.0,0.03066262975335121,0.033338312059640884,0.2754674553871155,0.13756434619426727,0.13033601641654968,0.386896014213562,0.6181650757789612,0.6866337656974792,0.6252012848854065
0.0,0.0,0.0,0.2936975359916687,0.32684382796287537,0.06074080988764763,0.3003823459148407,0.8484522700309753,0.7414506077766418,0.7682509422302246
0.0,0.0,0.031300902366638184,0.30349117517471313,0.5410866141319275,0.044544171541929245,0.15320101380348206,0.6132774353027344,0.6285681128501892,1.0
0.10781504958868027,0.0,0.13373161852359772,0.3009819984436035,0.2936980724334717,0.029766390100121498,0.6340247392654419,1.0,0.2596796452999115,0.7832910418510437
0.3789421021938324,0.0,0.2643987834453583,0.7988111972808838,0.4551898241043091,0.051999274641275406,0.9974449276924133,0.721957802772522,0.5211102366447449,0.9620540142059326
0.3960479497909546,0.5277923345565796,0.34259840846061707,0.6254172325134277,0.4728482663631439,0.28361228108406067,0.8079197406768799,0.5051758885383606,0.7248107194900513,0.6753790974617004
0.3068753778934479,0.259660929441452,0.31213778257369995,0.5541728734970093,0.8160700798034668,0.3422377407550812,0.3802427649497986,1.0,0.5416390895843506,0.6489266753196716
0.22191031277179718,0.39844655990600586,0.20344439148902893,0.6512572169303894,0.750920832157135,0.4324025809764862,0.20310181379318237,1.0,0.33381783962249756,1.0
0.1986670345067978,0.41145917773246765,0.07362506538629532,0.42289045453071594,0.3935023546218872,0.4065133035182953,0.46937134861946106,0.8107076287269592,0.19430147111415863,1.0
0.2008282095193863,0.3526597321033478,0.12055148929357529,0.43418097496032715,0.16448503732681274,0.1878078281879425,0.6800006628036499,0.8577244281768799,0.43945005536079407,0.978435218334198
0.1515350639820099,0.21613115072250366,0.06482651084661484,0.6347794532775879,0.4612311124801636,0.38850533962249756,0.5763118267059326,0.5868980884552002,0.46027371287345886,0.9272260665893555
0.12347185611724854,0.2286270707845688,0.04009870067238808,0.5275118947029114,0.5427578091621399,0.4233534336090088,0.3128066062927246,0.48768290877342224,0.5520274043083191,1.0
0.10130743682384491,0.2707889676094055,0.0,0.43752631545066833,0.6814361810684204,0.4054688513278961,0.2053334265947342,0.7273989319801331,0.5278791189193726,1.0
0.11624282598495483,0.20826441049575806,0.0,0.3117882311344147,0.6201579570770264,0.39365583658218384,0.1952594816684723,0.8175862431526184,0.5922728776931763,1.0
0.060097191482782364,0.17159417271614075,0.0,0.31065109372138977,0.5143849849700928,0.3854430913925171,0.32119154930114746,0.7086426615715027,0.5667952299118042,1.0
0.0274459607899189,0.15412366390228271,0.031847234815359116,0.24941027164459229,0.43478256464004517,0.3698153793811798,0.33137503266334534,0.7717496156692505,0.5796211957931519,1.0
0.030663684010505676,0.1240316852927208,0.21532383561134338,0.24208122491836548,0.4051271677017212,0.376162588596344,0.36755964159965515,0.7646979689598083,0.48592862486839294,0.891717255115509
0.04897228255867958,0.19132380187511444,0.12978944182395935,0.27859216928482056,0.34868091344833374,0.3654196262359619,0.48461097478866577,0.7513669729232788,0.5302491188049316,0.8836601376533508
0.10348362475633621,0.22434686124324799,0.11810272932052612,0.3256121277809143,0.2578428387641907,0.338139146566391,0.5814681649208069,0.7351003289222717,0.4095679223537445,0.9935789108276367
0.0,0.18719327449798584,0.1179194450378418,0.21228456497192383,0.2663940489292145,0.2993535101413727,0.44365978240966797,0.9680480360984802,0.4962597191333771,0.969341516494751
0.8066054582595825,0.9023320078849792,0.4800992012023926,0.31703394651412964,0.1047421470284462,0.0,0.19042949378490448,0.0,0.44197583198547363,0.7227166295051575
0.6431793570518494,0.5079160332679749,1.0,0.4310500919818878,0.1880907416343689,0.024028068408370018,0.34090888500213623,0.0,0.3957115709781647,0.8363414406776428
0.2986326217651367,0.4015275239944458,0.5720358490943909,0.3247315287590027,0.2598839998245239,0.0,0.10457152873277664,0.016305234283208847,0.3308611810207367,0.600756824016571
0.43805667757987976,0.21648216247558594,0.7173939943313599,0.1773863285779953,0.6623990535736084,0.04228544235229492,0.10535942018032074,0.0,0.33879536390304565,0.6125403642654419
0.3193241059780121,0.2375374138355255,0.4894121587276459,0.5381839871406555,1.0,0.1456179916858673,0.06785308569669724,0.04067304730415344,0.4371914267539978,0.5141277313232422
0.13774259388446808,0.4466747045516968,0.5007476210594177,0.6060704588890076,0.9574382901191711,0.053459398448467255,0.02487986534833908,0.05834561586380005,0.4403829574584961,0.4461362361907959
0.3111008107662201,0.13089832663536072,0.5022028088569641,0.6333985924720764,0.9059311747550964,0.07694490253925323,0.24035467207431793,0.1328640729188919,0.26158463954925537,0.16014346480369568
0.3156379163265228,0.18904846906661987,0.4125678837299347,0.5487104654312134,1.0,0.12660633027553558,0.14441852271556854,0.21047475934028625,0.5579110383987427,0.14000862836837769
0.35019391775131226,0.2623746395111084,0.28949254751205444,0.4524533450603485,1.0,0.13007421791553497,0.09963639080524445,0.23321779072284698,0.5793917179107666,0.22089536488056183
0.29141274094581604,0.2772585451602936,0.2680657207965851,0.6263504028320312,1.0,0.12588286399841309,0.14328517019748688,0.3483855724334717,0.8657172918319702,0.925051748752594
0.6603472232818604,0.16911564767360687,0.31592676043510437,0.6179778575897217,1.0,0.18440423905849457,0.19839386641979218,0.46654829382896423,0.8340381979942322,1.0
0.44924771785736084,0.40649351477622986,0.4781498610973358,0.4984774887561798,1.0,0.0,0.37352779507637024,0.4625578820705414,0.7094998359680176,1.0
0.3618316352367401,0.38543879985809326,0.3609258234500885,0.6321679353713989,0.7087236046791077,0.03904382139444351,0.49213626980781555,0.3408603370189667,0.4344061613082886,1.0
0.497008353471756,0.6493034958839417,0.547058641910553,0.6125905513763428,1.0,0.08079103380441666,0.29927772283554077,0.38176587224006653,0.5541599988937378,1.0
0.8703863620758057,0.7160434126853943,0.6293714642524719,0.8618053197860718,1.0,0.2917170822620392,0.735207736492157,0.48178884387016296,0.18872171640396118,1.0
1.0,0.8181937336921692,1.0,1.0,1.0,0.2997892498970032,0.5755468010902405,0.6338586211204529,0.3184705078601837,1.0
1.0,1.0,1.0,1.0,1.0,0.4065091907978058,0.9234527349472046,1.0,0.624078094959259,0.7124782800674438
1.0,1.0,0.6302446126937866,0.23818042874336243,0.9084980487823486,0.6135885119438171,0.782689094543457,0.520142674446106,0.6621264219284058,0.7879551649093628
1.0,1.0,1.0,0.4894145131111145,1.0,0.3581618070602417,0.8680294156074524,0.6055979132652283,0.6712116599082947,1.0
1.0,1.0,1.0,0.5247517228126526,0.42692238092422485,0.6028534173965454,1.0,0.5813491940498352,0.6195034980773926,1.0
1.0,1.0,1.0,0.7026373147964478,0.9162968993186951,0.4942938983440399,0.9365630745887756,0.47713345289230347,0.23795974254608154,1.0
0.49134060740470886,1.0,0.8350221514701843,0.15923291444778442,1.0,0.24171538650989532,0.0925440788269043,0.6092819571495056,1.0,0.793742299079895
0.674913763999939,0.9740824103355408,0.35371318459510803,0.15842998027801514,1.0,0.37568438053131104,0.5499355792999268,0.6036282777786255,0.5185256004333496,0.6757338047027588
0.5875372290611267,1.0,0.7092650532722473,0.2505510747432709,0.8125206232070923,0.2613598108291626,0.18018783628940582,0.6975569128990173,0.20879486203193665,0.8075336217880249
0.02227366901934147,0.84481281042099,0.4487026631832123,0.11596865206956863,0.33095577359199524,0.3668786883354187,0.9557074308395386,0.3002549409866333,0.2518538236618042,1.0
0.23151670396327972,0.546349048614502,0.8202927112579346,0.0,0.0,0.0,0.8355334401130676,0.7446559071540833,0.3670630156993866,0.6324564814567566
0.07078277319669724,1.0,0.9535082578659058,0.0,0.23894280195236206,0.0,0.42017847299575806,0.4891603887081146,0.09580668061971664,1.0
0.0635538399219513,0.5831102132797241,0.9035632014274597,0.0,0.7673392295837402,0.027815332636237144,0.2653389871120453,0.3156646490097046,0.08988119661808014,1.0
0.11929846554994583,0.38732269406318665,1.0,0.0,0.9279299974441528,0.0,0.3139614164829254,0.15511001646518707,0.12029814720153809,1.0
0.0,0.5192376971244812,0.48195207118988037,0.0,0.5880091786384583,0.0,0.18799811601638794,0.18135741353034973,0.45932868123054504,1.0
0.0,0.485668808221817,0.4716290533542633,0.06460126489400864,0.668610155582428,0.0,0.14178089797496796,0.16675859689712524,0.6624140739440918,1.0
0.0,0.4736165404319763,0.5009418725967407,0.3266359269618988,0.4616309702396393,0.0,0.08837540447711945,0.2563663125038147,0.4609803855419159,1.0
0.0,0.5888822674751282,0.5434173345565796,0.10297221690416336,0.671210527420044,0.0,0.15091177821159363,0.27463722229003906,0.6712796688079834,1.0
0.0,0.7840105891227722,0.44223687052726746,0.040089987218379974,0.44138863682746887,0.04277263581752777,0.1577775925397873,0.27685755491256714,0.9855416417121887,1.0
0.0,0.3222397565841675,0.4327705204486847,0.0,1.0,0.29428282380104065,0.07845871895551682,0.40603524446487427,0.5541779398918152,1.0
0.0,0.12628161907196045,0.18090789020061493,0.0,0.6307755708694458,0.3257617652416229,0.2323763370513916,0.1487923115491867,0.0828169584274292,0.7478784918785095
0.0,0.0,0.036391839385032654,0.0,0.4439583420753479,0.15366587042808533,0.024107372388243675,0.09434197843074799,0.7854286432266235,0.4911096394062042
0.0,0.0,0.030719302594661713,0.04618896171450615,0.8419512510299683,0.22643153369426727,0.07137851417064667,0.1353531926870346,0.60228031873703,0.6501486301422119
0.0,0.022640829905867577,0.0527610220015049,0.13133101165294647,0.29256513714790344,0.40289705991744995,0.2082090973854065,0.2976788878440857,0.5216434597969055,0.6216586232185364
0.02251853235065937,0.054588112980127335,0.07141082733869553,0.2362165004014969,0.44704490900039673,0.4813763499259949,0.21917352080345154,0.2604018747806549,0.6666951179504395,0.8664024472236633
0.087946817278862,0.12379167228937149,0.11082679778337479,0.17019160091876984,0.3975958824157715,0.5516230463981628,0.2583877444267273,0.28043514490127563,1.0,1.0
0.09375772625207901,0.20537205040454865,0.1423141211271286,0.21977095305919647,0.3135184645652771,0.5655879378318787,0.396777480840683,0.4570659399032593,1.0,1.0
0.17768968641757965,0.20745500922203064,0.18032529950141907,0.3502482771873474,0.3876665234565735,0.5709268450737,0.4228874742984772,0.6028066277503967,1.0,0.2011650949716568
0.338898241519928,0.2714342176914215,0.18636193871498108,0.26568475365638733,0.605516254901886,0.7338608503341675,0.3591727614402771,0.8868745565414429,1.0,1.0
0.15338559448719025,0.3637944459915161,0.33096447587013245,0.5859072804450989,0.7718947529792786,0.6781747341156006,0.6868283748626709,0.800555408000946,1.0,1.0
0.6213283538818359,0.1770719438791275,0.38540297746658325,0.5914261937141418,1.0,1.0,0.9397806525230408,0.9596786499023438,1.0,1.0
0.486846923828125,0.9992972016334534,0.7248575687408447,0.518721342086792,1.0,0.5669324398040771,0.9016648530960083,0.2900812327861786,1.0,1.0
0.6584852337837219,0.7826591730117798,0.6966192126274109,0.4162709712982178,1.0,0.4972030520439148,0.4983534514904022,0.188554048538208,1.0,1.0
0.4559515118598938,0.3941652178764343,0.09331589192152023,0.09874597936868668,0.03148582950234413,0.0,0.22110582888126373,0.2457258552312851,0.23657923936843872,0.23953264951705933
0.2193688601255417,0.7713559865951538,0.0,0.051492247730493546,0.0,0.08342532813549042,0.5307187438011169,0.34379899501800537,0.11157328635454178,0.5648912191390991
0.22966961562633514,0.1809930056333542,0.26553666591644287,0.01756567880511284,0.0,0.0,0.241293802857399,0.3266680836677551,0.20581476390361786,0.5324854254722595
0.30090805888175964,0.24840021133422852,0.3874502182006836,0.0,0.0,0.0,0.1342303603887558,0.30888137221336365,0.18228667974472046,0.4826822578907013
0.17190349102020264,0.2568102180957794,0.29675087332725525,0.03337135538458824,0.0,0.0,0.04269559308886528,0.21424131095409393,0.12237195670604706,0.5096319913864136
0.1954529732465744,0.351433128118515,0.24649415910243988,0.01974778063595295,0.0,0.0,0.09446992725133896,0.09415487945079803,0.0,0.5998114943504333
0.11182258278131485,0.28504157066345215,0.3182228207588196,0.0,0.0,0.0,0.152685284614563,0.02203642949461937,0.038531072437763214,0.7004084587097168
0.07530619949102402,0.2969449460506439,0.24750164151191711,0.0,0.02818235196173191,0.0,0.08257165551185608,0.05915732681751251,0.09462966024875641,0.7141705751419067
0.0782146081328392,0.21971601247787476,0.18251627683639526,0.0,0.0,0.0,0.023477695882320404,0.04122336953878403,0.0,0.6481937766075134
0.08679615706205368,0.2170586735010147,0.2449093908071518,0.0,0.0,0.0,0.0,0.0417882539331913,0.0,0.6626591086387634
0.03881736472249031,0.32529330253601074,0.21873760223388672,0.0,0.0,0.0,0.0,0.034095846116542816,0.0,0.46040308475494385
0.08943098783493042,0.2972279489040375,0.04906735196709633,0.0,0.0,0.0,0.0,0.023330463096499443,0.0,0.14692972600460052
0.048268452286720276,0.11937306076288223,0.04195898771286011,0.0,0.0,0.0,0.0,0.0,0.0,0.031159533187747
0.02715989202260971,0.10765033960342407,0.0,0.0,0.0,0.0,0.0,0.0,0.0,0.035918913781642914
0.0,0.050105154514312744,0.0,0.0,0.026262192055583,0.0,0.0,0.0,0.0,0.04604565352201462
0.21011759340763092,0.38283571600914,0.0,0.0,0.028948746621608734,0.0,0.0,0.0,0.0,0.059302546083927155
0.3268263041973114,0.3861250877380371,0.0,0.0,0.09784752130508423,0.0,0.0,0.0,0.028419310227036476,0.09058917313814163
1.0,0.692966878414154,0.0,0.046009600162506104,0.10162334889173508,0.02585289441049099,0.0,0.0,0.043259188532829285,0.08483847230672836
1.0,0.8549799919128418,0.0,0.0,0.1950349360704422,0.0,0.0,0.0,0.054037827998399734,0.10471805185079575
1.0,1.0,0.08608458936214447,0.0,0.15948320925235748,0.0,0.18285168707370758,0.054792746901512146,0.13524824380874634,0.08119596540927887
1.0,1.0,0.021484550088644028,0.0,0.1773727685213089,0.17169542610645294,0.07521574199199677,0.0,0.17296019196510315,0.20128154754638672
1.0,1.0,0.0,0.0,0.17159497737884521,0.042273346334695816,0.048360299319028854,0.04116523265838623,0.13112157583236694,0.38299837708473206
0.8369024395942688,0.941298246383667,0.0,0.0,0.21646760404109955,0.0,0.01974596455693245,0.03346628323197365,0.22956626117229462,0.3264257609844208
0.5026718378067017,0.813888430595398,0.0,0.0,0.2138325721025467,0.022804856300354004,0.0,0.0,0.3960219919681549,0.5247974395751953
0.033107124269008636,0.022396396845579147,0.1701730638742447,0.25020548701286316,0.8071185946464539,0.15866585075855255,0.025657979771494865,0.5243733525276184,0.537074863910675,0.6729817986488342
0.32085859775543213,0.04405822604894638,0.0981936901807785,0.1830184906721115,1.0,0.0856553465127945,0.15340860188007355,0.3894146978855133,0.45145413279533386,1.0
0.2718188166618347,0.23209883272647858,0.12161990255117416,0.22089478373527527,0.905209481716156,0.0,0.14595693349838257,0.39728838205337524,0.1744462102651596,1.0
0.3277335464954376,0.08341948688030243,0.13115543127059937,0.2491169273853302,1.0,0.020363062620162964,0.06538910418748856,0.3281601071357727,0.4481928050518036,1.0
0.19947928190231323,0.028015481308102608,0.08118137717247009,0.39990195631980896,1.0,0.04081849008798599,0.03021227940917015,0.22130239009857178,0.2470645010471344,0.6243253350257874
0.0901750847697258,0.0,0.025681307539343834,0.2114233672618866,0.9521792531013489,0.0,0.0,0.14566364884376526,0.10904717445373535,0.3450894057750702
0.1286884993314743,0.026794416829943657,0.03911414369940758,0.12045343220233917,0.5477768778800964,0.0,0.04092716798186302,0.028083713725209236,0.11822859942913055,0.4410901367664337
0.13043561577796936,0.020523983985185623,0.04801066219806671,0.16614370048046112,0.7059577107429504,0.0,0.0,0.020305553451180458,0.15088790655136108,0.3076736330986023
0.11527930945158005,0.022722382098436356,0.060588523745536804,0.23725730180740356,0.705462634563446,0.0,0.0,0.032986193895339966,0.2644146978855133,0.28217628598213196
0.11544335633516312,0.04200629144906998,0.12006834149360657,0.25192785263061523,0.6881530284881592,0.0,0.0,0.06536508351564407,0.27571895718574524,0.31369638442993164
0.1097375899553299,0.033186428248882294,0.10538240522146225,0.337374210357666,0.9743010997772217,0.0,0.0,0.08183692395687103,0.23994223773479462,0.27123406529426575
0.04443676769733429,0.029196614399552345,0.03114856593310833,0.18662627041339874,0.8369005918502808,0.024150807410478592,0.0,0.12353279441595078,0.17080695927143097,0.34481674432754517
0.06382142007350922,0.03514072299003601,0.030098315328359604,0.31552380323410034,0.7944657802581787,0.0,0.0,0.14780575037002563,0.22955095767974854,0.26494720578193665
0.10829240828752518,0.02068614773452282,0.03928901255130768,0.4600275158882141,0.7310422658920288,0.0738963931798935,0.0,0.06602447479963303,0.29159772396087646,0.3054019808769226
0.09152689576148987,0.060905780643224716,0.0,0.5342645645141602,1.0,0.07328721135854721,0.06177192181348801,0.10391394048929214,0.3588123619556427,0.3909479081630707
0.1259557455778122,0.13201205432415009,0.0,0.7784716486930847,0.7858317494392395,0.05135229602456093,0.044355206191539764,0.14722853899002075,0.5615283846855164,0.7511705756187439
0.16431458294391632,0.25913935899734497,0.06790801137685776,0.4330369830131531,0.7443820834159851,0.05426819995045662,0.051106903702020645,0.17017392814159393,0.98563152551651,0.669634222984314
0.43118587136268616,0.02296588197350502,0.021498538553714752,0.44475507736206055,1.0,0.06558385491371155,0.13156872987747192,0.18731622397899628,0.8547526597976685,1.0
0.460640549659729,0.02174353413283825,0.03407600149512291,0.63531494140625,1.0,0.17666077613830566,0.23927076160907745,0.2032657414674759,1.0,0.8492014408111572
0.5627955794334412,1.0,0.13838358223438263,0.3540859818458557,1.0,0.20393487811088562,0.5362287759780884,0.20575377345085144,0.8638963103294373,0.8586328625679016
0.95194011926651,1.0,0.1643861085176468,0.4872572422027588,1.0,0.4287008047103882,0.47419145703315735,0.3838025629520416,1.0,1.0
1.0,1.0,0.20612987875938416,1.0,1.0,0.6347402930259705,0.3276369869709015,0.34723374247550964,1.0,1.0
0.17417031526565552,1.0,0.12201301008462906,0.34471210837364197,1.0,0.44723474979400635,0.2909427881240845,0.31205347180366516,0.6992543339729309,1.0
0.10114777833223343,0.650251030921936,0.2698495090007782,0.45075565576553345,1.0,0.44834718108177185,0.20030102133750916,0.4478842616081238,0.7784106135368347,1.0
0.19783984124660492,0.21983473002910614,0.16909396648406982,0.5450344085693359,0.5572971701622009,0.36933663487434387,0.36993902921676636,0.23146267235279083,1.0,0.4239029586315155
0.2061803787946701,0.11423584818840027,0.17733675241470337,0.11772283911705017,0.7315572500228882,0.2379036247730255,0.4437229335308075,0.3598323464393616,1.0,0.7079063653945923
0.08781024813652039,0.10235053300857544,0.20879636704921722,0.26907145977020264,0.7993026375770569,0.07512050867080688,0.47098615765571594,0.06876959651708603,0.7638176679611206,0.935782253742218
0.18832631409168243,0.08713657408952713,0.12695762515068054,0.08483666181564331,0.8248831033706665,0.015483401715755463,0.2071581482887268,0.08526909351348877,0.44954946637153625,0.795916736125946
0.2738940417766571,0.16282053291797638,0.15396086871623993,0.02661857381463051,0.5498960018157959,0.0,0.12333562225103378,0.12947142124176025,0.07622648775577545,0.6395601034164429
0.16032029688358307,0.16663607954978943,0.18233276903629303,0.019679483026266098,0.7481493949890137,0.019140340387821198,0.02383897267282009,0.12359906733036041,0.0,0.6948772668838501
0.406661719083786,0.09382646530866623,0.20310792326927185,0.02904370427131653,0.41092628240585327,0.0,0.0,0.11574964970350266,0.05032038688659668,1.0
0.4111019968986511,0.09193427115678787,0.13147681951522827,0.03706284612417221,0.2906942665576935,0.0,0.0,0.12863539159297943,0.040682870894670486,0.6943501830101013
0.24943450093269348,0.11062198132276535,0.12859570980072021,0.03529930114746094,0.23577037453651428,0.024514522403478622,0.0,0.06807195395231247,0.059644728899002075,0.4672783315181732
0.3880033791065216,0.10194854438304901,0.11910367012023926,0.18425492942333221,0.3074023723602295,0.0,0.0,0.06323057413101196,0.17622722685337067,0.4430527985095978
0.33354616165161133,0.16013862192630768,0.20122398436069489,0.06783149391412735,0.317877858877182,0.0,0.0,0.0853678286075592,0.09076520800590515,0.7414193153381348
0.25124362111091614,0.20895804464817047,0.24493961036205292,0.6103429794311523,0.5662272572517395,0.0,0.03046441078186035,0.1956307590007782,0.1082395687699318,0.5136412978172302
0.18109767138957977,0.14866545796394348,0.18910115957260132,0.495379239320755,0.43115726113319397,0.0,0.04408027604222298,0.20942498743534088,0.12789492309093475,0.20881867408752441
0.13635872304439545,0.11174572259187698,0.13316553831100464,0.23234215378761292,0.11575306951999664,0.0927334576845169,0.03609786927700043,0.1135854572057724,0.023276887834072113,0.10567818582057953
0.057015955448150635,0.19566410779953003,0.13265360891819,0.1862548440694809,0.1678609549999237,0.016938526183366776,0.10292442888021469,0.16470883786678314,0.024749474599957466,0.1519937664270401
0.1494034081697464,0.5627889633178711,0.03908730298280716,0.06309372186660767,0.13856658339500427,0.07226677983999252,0.07888474315404892,0.18127210438251495,0.17435340583324432,0.3102864921092987
0.0,0.8555608987808228,0.0,0.0,0.04113968834280968,0.0,0.07710544019937515,0.16346697509288788,0.11771924048662186,0.18101727962493896
0.11865152418613434,0.3636304438114166,0.08779715746641159,0.059502534568309784,0.01652994379401207,0.0,0.031934306025505066,0.03532889857888222,0.020006362348794937,0.26274290680885315
0.2257380187511444,0.20745570957660675,0.13450610637664795,0.0,0.0,0.016206728294491768,0.06843608617782593,0.24068953096866608,0.0,0.14872074127197266
0.13006660342216492,0.32391610741615295,0.05889773741364479,0.0,0.0,0.0,0.04549882560968399,0.3887702524662018,0.03135502338409424,0.14937029778957367
1.0,0.6629428267478943,0.18129564821720123,0.0,0.0,0.0,0.04855109751224518,0.18543022871017456,0.06893697381019592,0.14287276566028595
0.1781000792980194,0.03714541718363762,0.02652687393128872,0.0,0.0,0.0,0.028921691700816154,0.05881423130631447,0.027912268415093422,0.2822912633419037
0.15514536201953888,0.32025107741355896,0.0,0.0,0.0,0.0,0.022736219689249992,0.03733402118086815,0.0,0.15134291350841522
0.0,0.11905276775360107,0.0,0.0,0.0,0.0,0.0,0.0,0.0,0.1616867035627365
0.6932193040847778,0.0,0.04111011326313019,0.39836907386779785,0.7010108828544617,0.0,0.0,0.7559068202972412,0.32020166516304016,0.09614824503660202
0.4058156907558441,0.0,0.0,0.17047709226608276,0.17026716470718384,0.0,0.07424689829349518,0.1489993929862976,0.2179972231388092,0.11357847601175308
0.2802543044090271,0.0,0.13566350936889648,0.0,0.20722556114196777,0.0,0.03476277366280556,0.04652084782719612,0.19453470408916473,0.05490772798657417
0.5895439386367798,0.05658645182847977,0.022589335218071938,0.24597054719924927,0.7759628295898438,0.0,0.0,0.1393258273601532,0.07054536789655685,0.04562947526574135
0.5630033612251282,0.1719045490026474,0.10042063891887665,0.21368396282196045,0.5010560154914856,0.024026308208703995,0.0,0.14221516251564026,0.0,0.016087735071778297
0.6037447452545166,0.3816980719566345,0.22674906253814697,0.5742179155349731,0.21046492457389832,0.07268152385950089,0.0,0.16848424077033997,0.0,0.0
0.5024675130844116,0.7449723482131958,0.8983655571937561,0.6045471429824829,0.4588250517845154,0.17541392147541046,0.0,0.15446718037128448,0.03300030529499054,0.0
0.4837200939655304,0.9404633045196533,0.6231899261474609,0.3594628572463989,0.2802702784538269,0.026471510529518127,0.0,0.030945027247071266,0.0800299346446991,0.0
0.37144935131073,1.0,0.8457933068275452,0.22776229679584503,0.3948855698108673,0.037257153540849686,0.07609497755765915,0.02167804166674614,0.3212944567203522,0.0
0.30332136154174805,0.9008899331092834,1.0,0.07425455749034882,0.2981022596359253,0.1763421893119812,0.11515261977910995,0.0,0.393402636051178,0.1897634118795395
0.25940391421318054,0.9544680714607239,0.8379079103469849,0.09803763031959534,0.2727507948875427,0.053132034838199615,0.08840255439281464,0.0,0.27728626132011414,0.3154042661190033
0.05901654064655304,0.3714431822299957,0.4741474688053131,0.0,0.5652199983596802,0.0,0.07032646983861923,0.0,0.14540064334869385,0.2614712417125702
0.05939516797661781,0.12700366973876953,0.13634023070335388,0.0,0.11875352263450623,0.0,0.0,0.0,0.1137695163488388,0.21883685886859894
0.09929816424846649,0.17459170520305634,0.1640654355287552,0.1020289734005928,0.1930905282497406,0.09355626255273819,0.0,0.0,0.14170803129673004,0.13845311105251312
0.14626148343086243,0.17841309309005737,0.18028871715068817,0.11642789095640182,0.2707899212837219,0.30699530243873596,0.0464681014418602,0.10090571641921997,0.18977434933185577,0.0
0.21751882135868073,0.15976862609386444,0.18160134553909302,0.15779021382331848,0.3289676010608673,0.37811586260795593,0.053923558443784714,0.024328993633389473,0.30411309003829956,0.05399885028600693
0.14024536311626434,0.24374164640903473,0.28405287861824036,0.06491371244192123,0.28717103600502014,0.32759132981300354,0.11505106091499329,0.027910461649298668,0.46992674469947815,0.18289753794670105
0.1578269749879837,0.20653235912322998,0.22265294194221497,0.26774701476097107,0.1817246824502945,0.2946773171424866,0.15258586406707764,0.02572668343782425,0.4676990807056427,0.27239131927490234
0.1912221610546112,0.18616271018981934,0.23973150551319122,0.37737593054771423,0.3166418969631195,0.4217548966407776,0.1933363676071167,0.13298198580741882,0.5162022709846497,0.46377167105674744
0.2025856226682663,0.13469620048999786,0.26006826758384705,0.15638914704322815,0.2853343188762665,0.36054298281669617,0.28262490034103394,0.19131247699260712,0.4718044102191925,0.5875310897827148
0.21659472584724426,0.1613420695066452,0.14859828352928162,0.1500946432352066,0.2758375108242035,0.35053327679634094,0.24349720776081085,0.1874425709247589,0.8135553002357483,0.4208652973175049
0.22319109737873077,0.20745190978050232,0.3269287943840027,0.2239661067724228,0.23904600739479065,0.4070121943950653,0.3917267918586731,0.23046286404132843,0.8520476818084717,0.49509888887405396
0.22770343720912933,0.16170984506607056,0.2232365757226944,0.15380573272705078,0.20456479489803314,0.37469375133514404,0.3464677929878235,0.28098490834236145,1.0,0.38500598073005676
0.2553882598876953,0.2376493364572525,0.3634292483329773,0.1421935111284256,0.24182447791099548,0.6206260919570923,0.19579000771045685,0.23247739672660828,0.7856581807136536,0.44677695631980896
0.0,1.0,0.39474499225616455,0.29598790407180786,0.03795493021607399,0.11986322700977325,0.054811496287584305,1.0,1.0,0.4692295491695404
0.04006027430295944,0.5353845357894897,0.13517503440380096,0.11450490355491638,0.01775224320590496,0.2146211713552475,0.09595442563295364,0.49522891640663147,0.7870927453041077,0.31408482789993286
0.015635671094059944,0.40974655747413635,0.19374872744083405,0.16181842982769012,0.1511465460062027,0.0,0.07505708187818527,0.6355310678482056,0.5168873071670532,0.16005031764507294
0.1111782044172287,0.20768500864505768,0.21754451096057892,0.19028787314891815,0.09328427165746689,0.06700056791305542,0.08675307035446167,0.6735487580299377,0.6899670958518982,0.29958289861679077
0.18471156060695648,0.20618198812007904,0.22024989128112793,0.12598486244678497,0.159392848610878,0.19865867495536804,0.2519954741001129,0.9392342567443848,0.6038481593132019,0.23163676261901855
0.192045196890831,0.1315469890832901,0.09354666620492935,0.06872382014989853,0.45518404245376587,0.3262099623680115,0.27463746070861816,0.739881694316864,0.7045284509658813,0.39558058977127075
0.15421068668365479,0.06571493297815323,0.0560070164501667,0.0744030624628067,0.6624318957328796,0.18378965556621552,0.335917204618454,0.8612456321716309,0.6565588712692261,1.0
0.15264049172401428,0.1176077350974083,0.07220520079135895,0.08618325740098953,0.5804213285446167,0.21428503096103668,0.18089887499809265,1.0,0.7065865993499756,0.8454284071922302
0.09753001481294632,0.05005207285284996,0.11126980930566788,0.08836524933576584,0.38428813219070435,0.10733353346586227,0.19877512753009796,1.0,0.8288003206253052,0.6468022465705872
0.06026008725166321,0.0776761919260025,0.15331803262233734,0.02039114572107792,0.5990427732467651,0.14312078058719635,0.19734366238117218,1.0,0.4714428186416626,0.8414729833602905
0.05167204514145851,0.09227196872234344,0.07575631141662598,0.06827639043331146,0.5080877542495728,0.20804715156555176,0.34747642278671265,1.0,0.5508703589439392,0.9013534188270569
0.04270465672016144,0.08977118134498596,0.07445964962244034,0.07410582900047302,0.36066877841949463,0.1392362415790558,0.16231554746627808,1.0,0.4066423177719116,0.6814125180244446
0.05070118606090546,0.13552643358707428,0.06937550008296967,0.06526166200637817,0.3231259882450104,0.06904201954603195,0.08310013264417648,1.0,0.6133809089660645,0.7122836112976074
0.029807010665535927,0.022682098671793938,0.04879513010382652,0.17894700169563293,0.28331297636032104,0.20874157547950745,0.032294951379299164,1.0,0.3977307379245758,0.6051954627037048
0.060474004596471786,0.09254154562950134,0.04310541972517967,0.0900091752409935,0.09381559491157532,0.02269059047102928,0.18135321140289307,1.0,0.45064571499824524,0.6564014554023743
0.06258083134889603,0.12001728266477585,0.11901741474866867,0.1300051212310791,0.2139110118150711,0.04779405891895294,0.0844106376171112,1.0,0.18942934274673462,0.5123980641365051
0.08869019895792007,0.11327285319566727,0.07167693972587585,0.09133580327033997,0.2690807282924652,0.0263461172580719,0.031736068427562714,1.0,0.27969270944595337,0.5785372257232666
0.06490533798933029,0.0,0.24395941197872162,0.1159035935997963,0.16815651953220367,0.1164785698056221,0.0,0.7555598020553589,0.5819557309150696,0.8675129413604736
0.08368997275829315,0.2122011035680771,0.4131651520729065,0.09363971650600433,0.015385346487164497,0.1630907654762268,0.0,1.0,0.5469502806663513,0.8742955923080444
0.14127881824970245,0.5711427927017212,0.19874688982963562,0.0,0.16640704870224,0.037410199642181396,0.0,1.0,0.5103012919425964,1.0
0.1414540708065033,1.0,0.07771940529346466,0.0,0.02609247900545597,0.08320580422878265,0.0,0.892706573009491,0.49450045824050903,0.9192275404930115
0.043084681034088135,0.5882181525230408,0.048129525035619736,0.0,0.058571621775627136,0.028298547491431236,0.07386502623558044,0.8082444071769714,0.26776477694511414,1.0
0.04443308338522911,0.22226715087890625,0.0,0.023635951802134514,0.5841958522796631,0.13504742085933685,0.06986844539642334,0.8967821598052979,0.19119645655155182,1.0
0.05064520612359047,0.0,0.0,0.10959883034229279,0.5662754774093628,0.22224575281143188,0.0738377496600151,0.8478208780288696,0.0841902643442154,1.0
0.47959277033805847,0.31408488750457764,0.6888557076454163,1.0,1.0,0.5142024159431458,0.5528274774551392,0.2555655837059021,0.23037849366664886,0.2529863119125366
0.6871870160102844,0.3410407304763794,0.6109931468963623,1.0,1.0,0.0,0.960858166217804,0.5185592770576477,0.2707744240760803,0.16583599150180817
0.8723903298377991,0.28688281774520874,0.6998983025550842,0.5303961038589478,0.7171406745910645,0.08992718905210495,0.5398269295692444,0.3762546181678772,0.8228635191917419,0.3190576434135437
0.6339710354804993,0.25448018312454224,0.8393620848655701,0.6540383100509644,0.6824397444725037,0.0,0.620427131652832,0.20291462540626526,0.20965616405010223,0.6097869277000427
0.941277027130127,0.30388596653938293,0.5890396237373352,1.0,1.0,0.18039026856422424,0.5416293740272522,0.1849423050880432,0.08860430866479874,0.35240307450294495
0.7788759469985962,0.1323791891336441,0.6045034527778625,0.32297006249427795,1.0,0.0,0.8192020058631897,0.1397484987974167,0.14833593368530273,0.7404818534851074
0.5755597352981567,0.11054211109876633,0.47901487350463867,0.11072290688753128,1.0,0.037588588893413544,0.8292394876480103,0.07535340636968613,0.10329878330230713,0.6078460216522217
0.7042644619941711,0.4025554358959198,0.5124625563621521,0.12113003432750702,1.0,0.0,0.36538562178611755,0.180521622300148,0.10614322125911713,0.516156017780304
0.7692037224769592,0.6476658582687378,0.5465055704116821,0.4095613360404968,1.0,0.015847520902752876,0.390938937664032,0.40556684136390686,0.07996560633182526,0.5831826329231262
0.1508881151676178,0.7788931131362915,0.7508319616317749,0.2694418728351593,1.0,0.13229422271251678,0.1421242505311966,0.611774206161499,0.08459051698446274,0.44607535004615784
1.0,0.5091312527656555,1.0,0.6228122711181641,0.7294617295265198,0.0,0.3594329059123993,0.5345268845558167,0.1052808091044426,0.5473405718803406
0.13099023699760437,0.4324275255203247,1.0,0.21599642932415009,0.11265584081411362,0.0,0.3566858172416687,0.29970991611480713,0.2522065341472626,0.4883846938610077
0.1862528920173645,1.0,1.0,0.25463008880615234,1.0,0.0,0.31270983815193176,0.29842808842658997,0.36190086603164673,0.5429260730743408
0.29935258626937866,0.6173343062400818,0.9636270403862,0.05169542878866196,0.7786770462989807,0.08951365947723389,0.19008634984493256,0.11572087556123734,0.2757527232170105,0.5381760597229004
0.2789406180381775,0.6032984852790833,0.7477635145187378,0.4836142063140869,1.0,0.11215943843126297,0.12519100308418274,0.15846018493175507,0.4317007064819336,0.30516624450683594
0.4837143123149872,0.5667031407356262,0.9397231340408325,0.16381122171878815,1.0,0.5604869723320007,1.0,0.30741533637046814,1.0,0.5077092051506042
0.4627388119697571,0.5946481823921204,1.0,0.28106480836868286,1.0,0.5915670990943909,0.6063163876533508,0.47294265031814575,1.0,0.8123548030853271
0.5398074388504028,0.6145150065422058,0.8763325810432434,0.29274067282676697,1.0,0.4807988107204437,1.0,0.3500919044017792,1.0,1.0
0.436428964138031,0.4075238108634949,0.806523323059082,0.6611199975013733,1.0,0.7484830021858215,1.0,1.0,1.0,1.0
0.4479508101940155,0.4715173542499542,1.0,0.3499078154563904,1.0,1.0,1.0,1.0,1.0,1.0
0.8063470721244812,0.4738110601902008,0.9714542031288147,0.7217492461204529,1.0,1.0,1.0,1.0,1.0,1.0
0.5993028283119202,0.3172104060649872,0.770922064781189,0.42388972640037537,0.7643795609474182,0.670710027217865,0.13146458566188812,1.0,0.9499634504318237,1.0
0.5997538566589355,0.7907472848892212,0.8143788576126099,0.7220932841300964,1.0,0.39011555910110474,0.6235114932060242,0.658536970615387,0.8410540819168091,0.8332971334457397
0.38072511553764343,1.0,0.7295812368392944,0.5027939677238464,1.0,0.9724124670028687,1.0,1.0,1.0,1.0
1.0,0.6526011228561401,1.0,1.0,1.0,1.0,1.0,1.0,0.49369558691978455,1.0
0.7172842621803284,0.4811688959598541,1.0,1.0,1.0,1.0,1.0,1.0,0.2626696825027466,1.0
0.66786789894104,0.3410414457321167,1.0,1.0,1.0,1.0,1.0,1.0,0.22980064153671265,1.0
0.7557328343391418,0.8001605868339539,1.0,1.0,1.0,0.0,1.0,1.0,0.30850183963775635,1.0
0.6565762758255005,1.0,1.0,1.0,1.0,1.0,1.0,1.0,0.617032527923584,1.0
0.5844300985336304,1.0,0.7098308801651001,0.7623465061187744,1.0,1.0,1.0,1.0,1.0,1.0
0.8033637404441833,0.7557395100593567,1.0,0.9890532493591309,1.0,1.0,1.0,1.0,1.0,1.0
0.4973859190940857,1.0,1.0,0.9864336252212524,1.0,1.0,1.0,1.0,1.0,1.0
1.0,1.0,0.953773021697998,1.0,1.0,0.45278480648994446,1.0,1.0,1.0,1.0
0.3402654528617859,0.9925643801689148,1.0,1.0,1.0,0.21360236406326294,1.0,1.0,1.0,1.0
0.4938620626926422,1.0,1.0,1.0,1.0,1.0,1.0,1.0,1.0,1.0
0.4576233923435211,1.0,1.0,1.0,1.0,1.0,1.0,0.5160025358200073,1.0,1.0
1.0,1.0,1.0,1.0,1.0,0.9345975518226624,1.0,1.0,1.0,1.0
1.0,1.0,1.0,1.0,1.0,0.44066402316093445,1.0,1.0,1.0,1.0
1.0,1.0,1.0,0.6692176461219788,1.0,0.459545761346817,1.0,1.0,0.90351802110672,1.0
0.9469069838523865,0.8267909288406372,0.8114677667617798,0.48033949732780457,1.0,0.2722152769565582,0.952865481376648,1.0,1.0,1.0
0.7815931439399719,1.0,0.726091742515564,0.6598328351974487,1.0,0.2288614958524704,0.6289675235748291,1.0,1.0,1.0
0.415349543094635,0.7972009181976318,0.652026891708374,0.23504036664962769,1.0,0.06285838782787323,0.35348257422447205,1.0,1.0,1.0
0.16300655901432037,0.5446561574935913,0.2874181270599365,0.671280562877655,1.0,0.2340836226940155,0.8853897452354431,1.0,1.0,1.0
0.27829709649086,0.2939695715904236,1.0,0.3210453689098358,1.0,0.5395838022232056,0.211200550198555,0.8669395446777344,1.0,0.8830494284629822
0.31097137928009033,0.1802721470594406,0.463289737701416,0.34585902094841003,1.0,0.8049944639205933,1.0,0.8098089098930359,0.845988929271698,0.9983469843864441
0.37632396817207336,0.40375280380249023,0.1451905369758606,0.5264072418212891,1.0,1.0,1.0,0.6452504992485046,0.9961842894554138,1.0
0.4173048138618469,0.4100886285305023,0.41854923963546753,1.0,1.0,1.0,0.42680907249450684,0.6083122491836548,1.0,1.0
0.8988223075866699,0.27260494232177734,1.0,1.0,1.0,0.6594244837760925,1.0,1.0,0.24887900054454803,1.0
0.09495418518781662,1.0,1.0,0.1364506632089615,1.0,0.5452952980995178,0.8060894012451172,0.17670553922653198,0.7703865170478821,0.8741470575332642
0.8492382168769836,0.8082359433174133,1.0,0.3225529193878174,1.0,0.3727611005306244,0.4351944327354431,0.10664542019367218,0.41036978363990784,0.7016862034797668
1.0,0.7565473914146423,1.0,0.37318575382232666,1.0,0.14561988413333893,0.5375352501869202,0.33163708448410034,0.647838294506073,1.0
1.0,0.43154269456863403,1.0,0.9163138270378113,1.0,1.0,0.5328407287597656,0.63910311460495,0.7271117568016052,1.0
1.0,0.29113203287124634,1.0,1.0,1.0,0.4743800461292267,0.43747952580451965,0.8963912129402161,0.8588120937347412,0.9322119355201721
1.0,0.4142707586288452,1.0,1.0,0.7672085165977478,0.5465589761734009,0.6690798401832581,0.6564882397651672,0.9431360363960266,1.0
1.0,0.5669182538986206,0.8617594242095947,1.0,1.0,0.028673823922872543,0.8876180052757263,0.3475668132305145,0.6562192440032959,0.842559814453125
0.6882119178771973,0.5240881443023682,1.0,0.4564615786075592,1.0,0.5988655686378479,0.27002808451652527,0.5335211753845215,1.0,1.0
1.0,0.3639540374279022,0.7300653457641602,0.3487238883972168,1.0,0.5490865707397461,1.0,1.0,1.0,1.0
0.35923492908477783,0.22828161716461182,0.8603302240371704,0.649509608745575,1.0,1.0,0.7955378293991089,1.0,1.0,1.0
0.36526209115982056,0.3129667043685913,0.6397825479507446,0.860681414604187,1.0,1.0,0.762937068939209,0.8736899495124817,0.0,1.0
0.6171003580093384,0.22643068432807922,0.3406316339969635,0.8559754490852356,0.5628121495246887,1.0,0.6907414793968201,1.0,0.19613081216812134,1.0
0.41163015365600586,0.5846665501594543,0.6099319458007812,0.7343152761459351,0.8266002535820007,1.0,0.3418511152267456,1.0,0.6357762813568115,1.0
0.6608242988586426,0.29963740706443787,0.9519279599189758,0.9424412250518799,1.0,1.0,0.1112474575638771,0.5227948427200317,1.0,1.0
0.5973132848739624,0.5014498829841614,0.9161805510520935,0.8385608196258545,1.0,1.0,0.25147998332977295,0.7726179957389832,0.7938135266304016,1.0
0.5902119874954224,0.4690314829349518,0.7454342246055603,1.0,1.0,1.0,0.4750003516674042,0.6537732481956482,0.9441179037094116,1.0
0.5700289011001587,0.5008453130722046,0.744179904460907,1.0,1.0,1.0,0.7663446068763733,0.7462226748466492,0.9976990818977356,1.0
0.6493052244186401,0.5678121447563171,0.6336910128593445,1.0,0.9642750024795532,1.0,0.682134211063385,0.6243563890457153,1.0,1.0
0.8465529084205627,0.4934917390346527,0.8132777214050293,1.0,0.6615300178527832,1.0,0.6796835660934448,0.8604314923286438,1.0,1.0
0.992009699344635,0.4192604124546051,0.7966731190681458,1.0,0.7112898230552673,1.0,0.9085157513618469,1.0,1.0,1.0
1.0,0.4531629979610443,0.8121805191040039,1.0,1.0,1.0,1.0,1.0,1.0,1.0
0.6874378323554993,0.34623947739601135,0.583853542804718,1.0,1.0,0.023427341133356094,1.0,1.0,1.0,1.0
0.8352424502372742,1.0,1.0,0.8816264271736145,0.5267754793167114,0.07656015455722809,0.4438231289386749,1.0,1.0,1.0
0.8131210803985596,0.9477450847625732,1.0,1.0,1.0,0.12662293016910553,1.0,1.0,1.0,1.0
